address,category,date,title,lng,lat
台北市信義區松山路132號,Uncategorized,2016/12/27 21:00,F2E&RGBA 設計 Meetup 十二月號,121.577592,25.047511899999996
台北市民權西路20號,Uncategorized,2016/12/18 14:00,有美家初行者NO.11,121.5217062,25.0625325
台北市中正區羅斯福路三段244巷2號,Uncategorized,2016/12/17 17:00,Summer Hsu＋小毛/ LUYI -唱歌的人,121.5313002,25.0171185
台北市中山區南京東路三段68號,Uncategorized,2016/12/17 14:00,免費講座★泰國與英國投資趨勢★海外房地產聯合說明會★英國☆日本★菲律賓☆馬來西亞★泰國☆柬埔寨★,121.53888300000001,25.0516362
台北市中正區羅斯福路三段244巷2號,Uncategorized,2016/12/17 08:30,河岸過冬16週年活動搖滾篇：王子MEN樂團/前進樂團/凍頂樂團,121.5313002,25.0171185
台北市中正區衡陽路 7 號,Uncategorized,2016/12/29 09:00,1228機器學習讀書會 - RNN 手解算式 Part 2 (網路修正方法),121.51386200000002,25.042418899999998
台北市金華街199巷5號,Uncategorized,2016/12/16 09:00,TAECT2016 - ECT for Open Education 台灣教育傳播科技學會2016國際研討會,121.52842820000001,25.031180300000003
台北市松山區復興北路15號,Uncategorized,2016/12/17 14:00,書到「用」時方恨少 VS 書到「抄」時方恨少：設計師的葵花寶典 - 溝通前瞻思維,121.54423529999998,25.0489486
台北市信義區松仁路3號,Uncategorized,2016/12/16 19:00,2016世界公視大展精選(台北場) ─【開幕單元：資訊攻防戰】,121.569184,25.039485
台北市信義區松仁路3號,Uncategorized,2016/12/17 14:00,2016世界公視大展精選(台北場) ─ 【第二單元：前線拼圖】,121.569184,25.039485
台北市信義區松仁路3號,Uncategorized,2016/12/18 14:00,2016世界公視大展精選(台北場) ─ 【第四單元：非關男女】,121.569184,25.039485
台北市南港區重陽路453號,Uncategorized,2016/12/18 09:00,【年終大優惠】你可以選擇富有—啟動你的現金流,121.610226,25.059495899999998
台北市中正區羅斯福路三段244巷2號,Uncategorized,2016/12/30 10:00,救救我的狗：瘋狗 Mad Dog/急診室 Emergency,121.5313002,25.0171185
台北市中正區羅斯福路三段244巷2號,Uncategorized,2016/12/17 21:00,演出取消.....通告呂薔Amuyi 2016歌手之夜,121.5313002,25.0171185
台北市信義區松仁路3號,Uncategorized,2016/12/17 19:00,2016世界公視大展精選(台北場) ─ 【第三單元：獨立場次】,121.569184,25.039485
台北市民權西路20號,Uncategorized,2016/12/18 16:40,有美家-神奇的經絡刮痧NO.90,121.5217062,25.0625325
台北市中正區羅斯福路三段244巷2號,Uncategorized,2016/12/18 21:00,請把我們都灌醉：舞人舞屍 Ｘ 漂流出口,121.5313002,25.0171185
台北市信義區松壽路22號,Uncategorized,2016/12/22 18:00,The North★大學聯合聖誕派對,121.56786000000001,25.035503100000003
台北市信義區松仁路3號,Uncategorized,2016/12/18 19:00,2016世界公視大展精選(台北場) ─ 【閉幕單元：巨變一瞬間】,121.569184,25.039485
台北市中正區羅斯福路三段244巷2號,Uncategorized,2016/12/24 09:30,JEG「這個沒」爵士樂團,121.5313002,25.0171185
台北市羅斯福路三段 244 巷 2 號,Uncategorized,2016/12/17 21:00,呂薔Amuyi 2016歌手之夜,121.5313002,25.0171185
台北市南京東路五段213號,Uncategorized,2016/12/18 12:00,Fedora 25 發行聚會,121.56381029999999,25.0514944
台北市林森南路33號,Uncategorized,2016/12/24 13:30,Prestige Project IV 生技製藥的資本市場,121.52272509999999,25.041748499999997
台北市大安區敦化南路二段218號,Uncategorized,2016/12/23 16:30,20161223 vTaiwan 固定小松會議 part 2,121.5482726,25.021717199999998
台北市大安區敦化南路二段216號,Uncategorized,2016/12/23 14:00,20161223 vTaiwan 固定小松會議 part 1,121.547977,25.022136
台北市中正區羅斯福路三段244巷2號,Uncategorized,2016/12/25 07:00,微。走唱生涯：No Name 余荃斌,121.5313002,25.0171185
台北市中正區羅斯福路三段244巷2號,Uncategorized,2016/12/25 21:00,「好物交換趴」-- DSPS / 阿鹿米爾,121.5313002,25.0171185
台北市中正區思源路18號,Uncategorized,2016/12/27 10:00,105年度智齡聯盟D-School跨域教學-十大課程模組分享會,121.52972079999999,25.013696399999997
台北市中正區羅斯福路三段244巷2號,Uncategorized,2016/12/28 09:00,潛規則樂團 專輯EP計劃第三波-- 逆行！,121.5313002,25.0171185
台北市士林區前港街21號,Uncategorized,2016/12/28 09:00,Test,121.5221747,25.0848483
台北市松山區民生東路五段69巷7號,Uncategorized,2017/01/25 00:20,WoFOSS 2016/ 12月第74次聚會,121.558102,25.0591859
台北市士林區前港街21號,Uncategorized,2016/12/28 12:30,Test,121.5221747,25.0848483
台北市中山北路2段39巷3號,Uncategorized,2016/12/28 13:50,"網路贏家大揭密,教您衝高成交率!!",121.52423999999999,25.054187399999996
台北市羅斯福路三段 244 巷 2 號,Uncategorized,2017/01/20 11:00,跨年爵士大融合,121.5313002,25.0171185
台北市公園路26號,Uncategorized,2016/12/24 14:30,萬民救主－2016聖誕佈道會,121.4484931,25.0391397
台北市八德路4段138號,Uncategorized,2016/12/30 09:30,群星瑞智x一萬公里的約定 【跑到天涯海角都要追到妳】電影包場,121.5623004,25.048354500000002
台北市中正區羅斯福路三段244巷2號,Uncategorized,2016/12/06 21:00,Tonic 5 /隨心所欲樂團,121.5313002,25.0171185
台北市南港區經貿二路188號,Uncategorized,2016/12/08 19:00,2016聖誕戲劇【有請耶穌基督降生】,121.6152462,25.0596987
台北市中正區市民大道三段2號,Uncategorized,2016/12/26 18:00,INSTO 新品牌暨產品全球發表會,121.53112730000001,25.0454815
台北市南港區研究院路二段128號,Uncategorized,2016/12/08 13:30,2016 Workshop on Collaborative Data Projects,121.6161558,25.042259
台北市中正區羅斯福路三段244巷2號,Uncategorized,2016/12/31 09:00,Slowing Oscillation 斯洛頻率/ PINK HAZE 平克孩子,121.5313002,25.0171185
台北市中正區羅斯福路三段244巷2號,Uncategorized,2016/12/11 17:30,解放動物園/杜爾與索克,121.5313002,25.0171185
台北市中正區羅斯福路三段244巷2號,Uncategorized,2016/12/08 20:00,聞木而來：楊肅浩 X 羅弘宇,121.5313002,25.0171185
台北市羅斯福路三段 244 巷 2 號,Uncategorized,2016/12/07 21:00,解放動物園/杜爾與索克,121.5313002,25.0171185
台北市中正區羅斯福路三段244巷2號,Uncategorized,2016/12/18 15:00,不是桃樂絲『等雨停』單曲發行巡迴專場,121.5313002,25.0171185
台北市中正區羅斯福路三段244巷2號,Uncategorized,2016/12/16 17:00,§ ：DJ STRASＸ Sipara Hesher辛巴達,121.5313002,25.0171185
台北市中正區羅斯福路三段244巷2號,Uncategorized,2016/12/11 21:00,SADOG/甘苦人樂團,121.5313002,25.0171185
台北市中正區衡陽路 7 號,Uncategorized,2016/12/14 19:30,1214機器學習讀書會 - RNN 手解算式,121.51386200000002,25.042418899999998
台北市中正區博愛路52號,Uncategorized,2016/12/03 10:00,【哈克獨門心法工作坊】～穿越迷霧，懂一個人真正的樣子～2016/12/03開課,121.51124899999999,25.045624
台北市中正區羅斯福路三段244巷2號,Uncategorized,2016/12/03 21:00,JS Xmas mini concert,121.5313002,25.0171185
台北市中正區羅斯福路三段244巷2號,Uncategorized,2016/12/27 09:00,Yo! Let's go on a trip!：哎呦樂團/Road Trip,121.5313002,25.0171185
台北市 / 台北市大安區忠孝東路四段216巷19弄9號,Uncategorized,2016/11/30 09:00,TWSDI週五同業交流聯誼會（北部第二次）12/16,121.5535001,25.0404546
臺北市內湖區新湖二路280號,Uncategorized,2016/12/14 09:30,中興工程集團105學年度上學期獎學金頒獎典禮暨座談會,121.5834352,25.0650185
台北市中正區羅斯福路三段244巷2號,Uncategorized,2016/12/03 09:00,董運昌『那些年』新專輯發表音樂會,121.5313002,25.0171185
台北市大安區光復南路240巷51號,Uncategorized,2016/11/29 12:00,富人的起點—現金流遊戲,121.5551229,25.040706699999998
台北市中正區衡陽路 7 號,Uncategorized,2016/12/01 19:00,RubyConf Taiwan 2016 Preparty hosted by 5xRuby,121.51386200000002,25.042418899999998
台北市中正區羅斯福路三段244巷2號,Uncategorized,2016/12/01 20:00,唱完來去吃薑母鴨：桑吉爾夫Ｘ倒車入庫Ｘ麻花捲怪獸,121.5313002,25.0171185
台北市大安區敦化南路二段2號,Uncategorized,2016/12/01 19:20,測試，不分平台,121.548381,25.032948
台北市南京東路三段133號,Uncategorized,2016/12/03 13:30,免費講座★日本國際房產★六福皇宮海外投資說明★英國☆日本★菲律賓☆馬來西亞★泰國☆柬埔寨★,121.54132859999999,25.0523025
臺北市信義區信義路五段7號,Uncategorized,2016/12/03 20:00,《af》2016 台北繽紛耶誕季-Alliance francaise 故事屋,121.5646368,25.033922600000004
台北市中正區羅斯福路三段244巷2號,Uncategorized,2016/11/30 21:00,韶韻旋弦After Party：丁曄&get lucky樂團/竹罐加糖水,121.5313002,25.0171185
台北市南港區研究院路二段 128 號,Uncategorized,2016/12/02 10:00,RubyConf Taiwan 2016,121.6161558,25.042259
台北市南港區經貿二路188號,Uncategorized,2016/11/27 21:20,心欣週歲 感恩餐會,121.6152462,25.0596987
台北市中山區復興北路420號,Uncategorized,2016/11/25 19:30,F2E&RGBA 設計 Meetup 十一月號,121.5438693,25.0627827
台北市中正區羅斯福路三段244巷2號,Uncategorized,2016/11/25 09:00,葉廷宇X老白,121.5313002,25.0171185
台北市中正區羅斯福路三段244巷2號,Uncategorized,2016/11/20 07:30,巴奈-我的想念，我的歌,121.5313002,25.0171185
台北市中正區羅斯福路三段244巷2號,Uncategorized,2016/11/20 15:00,城市拾光,121.5313002,25.0171185
台北市大安區敦化南路二段218號,Uncategorized,2016/11/19 14:00,20161119 vTaiwan固定小松會議,121.5482726,25.021717199999998
台北市中正區羅斯福路三段244巷2號,Uncategorized,2016/11/20 21:00,Blue Box 藍色盒子/黑澤大介,121.5313002,25.0171185
台北市敦化北路158號,Uncategorized,2016/11/26 21:30,★★日本國際房產海外投資說明★英國☆日本★菲律賓☆馬來西亞★泰國☆柬埔寨★,121.5483638,25.0555538
台北市信義區松壽路12號,Uncategorized,2016/11/21 20:00,ACCV Scholar Night,121.5660665,25.03531
台北市羅斯福路四段200號,Uncategorized,2016/12/06 17:00,BADBADNOTGOOD 2016 Live in Taipei w 落日飛車,121.53665500000001,25.010911800000002
台北市中正區羅斯福路三段244巷2號,Uncategorized,2016/11/12 21:00,微酸瑪莉 - Farewell Party!,121.5313002,25.0171185
台北市中正區羅斯福路三段244巷2號,Uncategorized,2016/11/18 08:30,迷流幻電子夜：葉家綺(Jill Stark) X 音速死馬 Sonic Deadhorse,121.5313002,25.0171185
台北市中正區羅斯福路三段244巷2號,Uncategorized,2016/11/19 08:30,Idea House Reunion：王治平，王勃 ，湯宇方，陳榮貴，謝正裕，林明敏，大Alan，劉紹樑，張大修,121.5313002,25.0171185
台北市敦化南路二段218號,Uncategorized,2016/11/05 14:30,2016年11月5日小松,121.5482726,25.021717199999998
台北市中正區羅斯福路三段244巷2號,Uncategorized,2016/11/19 15:30,溫偉杰 [地球人的心事] 巡演,121.5313002,25.0171185
台北市大安區辛亥路三段200號,Uncategorized,2016/11/13 17:30,大師講堂: Prof. Robert O. Ritchie & Prof. Marc A. Meyers,121.547896,25.0173249
台北市中正區羅斯福路三段244巷2號,Uncategorized,2016/11/09 16:00,先Root為主：A Root 同根生,121.5313002,25.0171185
台北市中正區杭州南路一段 147 號,Uncategorized,2016/11/10 19:00,HackerCup - LiteOS Meetup,121.5246081,25.0359633
台北市松山區復興北路15號,Uncategorized,2016/11/06 14:00,"10,000 點鐘 の 學習馬拉松：國際設計比賽的創新思維",121.54423529999998,25.0489486
臺北市大安區金華街142號,Uncategorized,2016/11/06 09:00,憨兒藝像 環保藝術展,121.52861499999999,25.02979
台北市忠孝東路四段148號,Uncategorized,2016/11/05 16:20,▂ ▃ ▄ ☀美國綠卡抽籤移民☀▄ ▃ ▂,121.549792,25.041252
台北市大安區金山南路2段222號,Uncategorized,2016/11/04 19:00,Indigitous #Hack 黑客松,121.5257886,25.027552
台北市南港區經貿二路188號,Uncategorized,2016/11/05 09:00,康麥克牧師~啟動超自然 特會,121.6152462,25.0596987
台北市忠孝東路三段248巷65號,Uncategorized,2016/11/30 23:00,Vuediner #6 前端工程師也會 Makefile,121.5414045,25.038726699999998
台北市中山北路一段2號,Uncategorized,2016/11/08 18:30,協會第二年存續會員統計,121.5194939,25.0460568
台北市松山區民生東路三段140巷11號,Uncategorized,2016/11/11 19:00,WoFOSS 2016/11月第73次聚會,121.5467783,25.0561486
臺北市羅斯福路一號,Uncategorized,2016/11/21 18:00,臺大開源社開源黑客松,121.5338507,25.0169587
台北市中正區羅斯福路三段244巷2號,Uncategorized,2016/11/11 22:00,街頭之聲 Voice Of The Streets：巴士克/林鴻宇,121.5313002,25.0171185
台北市中正區八德路一段 94 號,Uncategorized,2016/12/17 16:00,Release the Kraken ? Bring ceph to live workshop,121.5322192,25.0440747
台北市玉門街一號,Uncategorized,2016/11/12 22:00,WANTIGGA ASIA TOUR 2016 IN TAIPEI,121.52175390000001,25.070327600000002
台北市同安街107號,Uncategorized,2016/11/12 19:00,【健康養生做伙來】高血脂. 腰酸背痛. 乳癌防治 醫師專家現場解答系列講座,121.494428,25.056425
台北市中正區北平東路7號,Uncategorized,2016/11/18 13:00,「跨域與匯流下的願景：科技藝術的未來發展」國際論壇,121.52232520000001,25.0468495
台北市瑞光路399號10F / 台北市瑞光路399號,Uncategorized,2016/11/18 09:30,第二屆星展台灣黑客松 X 探索星方向,121.5725432,25.077612300000002
台北市中正區羅斯福路三段244巷2號,Uncategorized,2016/11/16 21:00,陳念澤/潘胤與17歲的雨季,121.5313002,25.0171185
台北市中正區中山南路11號,Uncategorized,2016/11/15 09:00,台灣最強開店學習平台-商周學院大店長講堂(台北2日票),121.51871499999999,25.038715
台北市中正區羅斯福路三段244巷2號,Uncategorized,2016/10/30 05:00,奕超 Arsu/永慶的「樂事美聲錄」,121.5313002,25.0171185
台北市信義區松山路132號,Uncategorized,2016/10/26 19:00,F2E&RGBA 設計 Meetup 十月號,121.577592,25.047511899999996
台北市中正區羅斯福路三段244巷2號,Uncategorized,2016/10/22 21:00,GRAVITY BAND,121.5313002,25.0171185
臺北市大安區羅斯福路四段一號,Uncategorized,2016/10/30 18:00,第七屆原住民族傳統習慣規範與國家法制研討會,121.5338507,25.0169587
台北市中正區羅斯福路三段244巷2號,Uncategorized,2016/11/02 21:00,Tiny Eagle樂團-向老鷹致敬演出,121.5313002,25.0171185
台北市中正區羅斯福路三段244巷2號,Uncategorized,2016/10/27 21:00,搖滾尬一下：毛襪 MOWA/NULA 樂團,121.5313002,25.0171185
台北市大同區長安西路 150 號,Uncategorized,2016/10/27 19:00,Rails Girls Weekly - 從零開始的網頁設計- HTML & CSS 的基礎 (2/3),121.51663400000001,25.0508862
台北市中正區羅斯福路三段244巷2號,Uncategorized,2016/10/28 21:00,Geddy Lin & Friends,121.5313002,25.0171185
台北市大同區長安西路 150 號,Uncategorized,2016/11/03 19:00,Rails Girls Weekly - 從零開始的網頁設計- HTML & CSS 的基礎 (3/3),121.51663400000001,25.0508862
台北市中山北路二段36 巷30 號,Uncategorized,2016/10/29 18:30,彩虹玩派對,121.52092040000001,25.054200100000003
台北市信義區永吉路168號,Uncategorized,2016/10/30 13:00,Girly Style 女舞者/教學/編舞儲備人員徵選 Vol. 1,121.5710135,25.045505300000002
台北市中正區羅斯福路三段244巷2號,Uncategorized,2016/10/31 00:30,車庫狂歡夜：倒車入庫/黑色收音機,121.5313002,25.0171185
台北市中正區羅斯福路三段244巷2號,Uncategorized,2016/11/02 09:00,屋希耶澤&西尤島/黃婕ｘ林孟萱,121.5313002,25.0171185
台北市南港區研究院路 2 段 128 號,Uncategorized,2016/10/15 13:50,JCConf 2016 Workshop - Apache Flink Hands-On: Stream Processing Deep Dive ,121.6161558,25.042259
台北市中正區羅斯福路三段244巷2號,Uncategorized,2016/10/10 15:30,步行者 Pacers /你們你們 YOU-S,121.5313002,25.0171185
台北市長安東路一段18號,Uncategorized,2016/10/11 19:30,Mobileheroes 通訊大賽 Workshop - 3D繪圖軟體: DesignSpark Mechanical & 決賽共榮時間,121.52359270000001,25.049198699999998
臺北市松山區南京東路四段75號4樓 / 臺北市松山區南京東路四段75號,Uncategorized,2016/10/09 14:00,【閱戲浮世繪】影視導讀課,121.55311999999999,25.052167999999998
台北市萬華區漢中街116號,Uncategorized,2016/10/08 14:00,《Branching Paths》台灣放映會,121.50735230000001,25.0430251
台北市中正區羅斯福路二段136號3樓(捷運古亭站1號出口) / 台北市中正區羅斯福路二段136號3樓(捷運古亭站1號,Uncategorized,2016/10/08 14:00,NBU免費2.5小時記憶特訓,121.5232495,25.0259788
台北市中正區羅斯福路三段244巷2號,Uncategorized,2016/10/14 09:00,Y Two/Nawan 阿修,121.5313002,25.0171185
台北市吳興街250號,Uncategorized,2016/10/13 20:40,愛彌兒生之光 孕婦水中瑜珈 - 正式老師課程（收取正式課程費用非免費）,121.56126709999998,25.0259514
台北市和平東路一段126號,Uncategorized,2016/12/31 00:00,愛彌兒生之光 孕婦水中瑜珈 - 實習老師課僅需支付場地費用,121.5285071,25.0266329
台北市南港區研究院路 2 段 128 號,Uncategorized,2016/10/14 14:00,JCConf 2016 Workshop - Introduction to Scala,121.6161558,25.042259
台北市中正區羅斯福路三段244巷2號,Uncategorized,2016/10/15 09:00,Balai 巴賴/桑布伊新專輯分享會,121.5313002,25.0171185
台北市大安區和平東路一段162號,Uncategorized,2016/10/16 17:00,"2016/ 11 愛彌兒生之光寶寶游泳課程  ""平日大安師大班""（收取正式課程費用非免費）",121.5274888,25.0259513
台北市大安區羅斯福路四段1號,Uncategorized,2016/10/15 09:30,東南亞啟航：亞洲月新手教學編輯營 (台北場),121.5338507,25.0169587
台北市南港區研究院路 2 段 128 號,Uncategorized,2016/10/15 09:50,JCConf 2016 Workshop - Getting start with Google PubSub and Dataflow,121.6161558,25.042259
台北市大同區長安西路 150 號,Uncategorized,2016/10/17 19:00,Elixir 台灣 第七次 Meetup！,121.51663400000001,25.0508862
台北市信義區吳興街250號,Uncategorized,2016/10/13 21:00,"2016/11 愛彌兒生之光寶寶游泳課程  ""信義北醫班"" （收取正式課程費用非免費）",121.56126709999998,25.0259514
台北市忠孝東路四段148號,Uncategorized,2016/10/22 13:00,瑞士BHMS商業酒店管理留學 免費說明會 (大學留學),121.549792,25.041252
台北市中正區羅斯福路三段244巷2號,Uncategorized,2016/10/17 19:00,Hide And Find：Hide &Six/江東成名,121.5313002,25.0171185
臺北市敦化南路二段 216 號,Uncategorized,2016/10/16 15:00,"Meet Vojtěch Pavlík, Director of SUSE Labs",121.547977,25.022136
台北市中正區八德路一段 94 號,Uncategorized,2016/10/22 14:00,Docker and openSUSE workshop 101-台北,121.5322192,25.0440747
台北市大同區長安西路 150 號,Uncategorized,2016/10/20 19:00,Rails Girls Weekly - 從零開始的網頁設計- HTML & CSS 的基礎 (1/3),121.51663400000001,25.0508862
台北市松山區敦化北路100號,Uncategorized,2016/10/20 08:50,2016磊山年會-創新。創業。創時代,121.5484124,25.052429800000002
台北市中正區羅斯福路三段244巷2號,Uncategorized,2016/10/19 10:00,杜爾與索克/HARD SHIRLEY,121.5313002,25.0171185
台北市中正區羅斯福路三段244巷2號,Uncategorized,2016/10/23 18:00,Our Piano Trio Plays Jerome Kern & George Gershwin,121.5313002,25.0171185
臺北市仁愛路三段160號,Uncategorized,2016/10/15 09:00,應用處理器國際大師課程,121.54315449999999,25.0376486
台北市八德路一段 94 號,Uncategorized,2016/10/08 10:30,g0v 第伍次基礎建設松 - 10/8,121.5322192,25.0440747
台北市中山區南京東路二段1號,Uncategorized,2016/10/07 15:00,"紐西蘭旅遊分享會-台北 10/12,26",121.5279494,25.0523303
台北市中正區羅斯福路三段244巷2號,Uncategorized,2016/10/07 09:00,旅行箱樂團/劉乙瞳＆伊甸樂團,121.5313002,25.0171185
台北市中正區羅斯福路三段244巷2號,Uncategorized,2016/10/01 00:00,在外闖蕩的遊子，想回家嗎?：Control T/昊恩,121.5313002,25.0171185
台北市松山區南京東路四段16號,Uncategorized,2016/10/01 10:00,『Evolution!!』Akatsuki Game Hackathon 2016 曉數碼黑客松,121.553045,25.0513719
台北市文山區景中街36號,Uncategorized,2016/12/31 00:00,我和我的國中時代,121.5435832,24.9924921
台北市忠孝東路三段一號,Uncategorized,2016/10/04 21:00,Test Corner X 北科大,121.5356358,25.0424339
台北市中正區羅斯福路三段244巷2號,Uncategorized,2016/10/05 10:00,搖滾硬漢之夜：灰階 X 廖士賢,121.5313002,25.0171185
台北市中正區羅斯福路三段244巷2號,Uncategorized,2016/09/30 09:00,西尤島三種奏the siyuland trio / TBA,121.5313002,25.0171185
台北市中正區羅斯福路三段244巷2號,Uncategorized,2016/09/28 21:00,不顧死活的兔子/Mafana,121.5313002,25.0171185
臺北市凱達格蘭大道3號,Uncategorized,2016/10/05 12:00,採購開竅資料挑戰賽,121.515469,25.040363100000004
台北市信義區松山路132號,Uncategorized,2016/09/29 19:00,F2E&RGBA 設計 Meetup 九月號,121.577592,25.047511899999996
台北市敦化南路二段201號,Uncategorized,2016/11/05 22:00,2016 JKF VIP空中泳池派對,121.549282,25.026612
台北市青少年發展處5F流行廣場 / 臺北市中正區仁愛路一段17號,Uncategorized,2016/12/23 12:00,申請旁聽「中央投資股份有限公司及欣裕台股份有限公司是否為社團法人中國國民黨附隨組織及其股權是否應命移轉等」第一次聽證程序 ,121.5223209,25.039009699999998
台北市中山北路一段2號,Uncategorized,2016/10/05 18:10,（入會活動六）採用證照輔導方案入會申請（限報考設計及工程證照者）,121.5194939,25.0460568
台北市信義區基隆路二段12號,Uncategorized,2016/10/07 19:00,認識IoC及其應用,121.5588297,25.032215899999997
台北市忠孝東路四段148號,Uncategorized,2016/09/24 10:00,EB3美國移民說明會,121.549792,25.041252
台北市中正區羅斯福路三段244巷2號,Uncategorized,2016/09/23 09:00,ALN ： Alan、邱培榮、洪筠惠、李國禎、北京,121.5313002,25.0171185
台北市中正區羅斯福路三段244巷2號,Uncategorized,2016/09/23 12:10,蘇聖育爵士四重奏,121.5313002,25.0171185
台北市中山區民生東路三段1號,Uncategorized,2016/09/21 18:30,SMS活動簽到測試,121.53737,25.0581799
臺北市大安區基隆路4段43號,Uncategorized,2016/09/21 18:30,程式設計研究社-2016新生茶會,121.5411187,25.0132497
台北市松山區復興北路99號,Uncategorized,2016/09/13 19:00,搜尋行銷	 曝光關鍵法寶,121.54435149999999,25.052848
台北市松山區八德路三段34號,Uncategorized,2016/09/13 13:30,J-LIN's Zumba Fitness Open Class 9/12 單堂預約 ,121.5519529,25.0480585
台北市中正區八德路一段1號,Uncategorized,2016/09/17 15:30,CNEX專題講座二｜朱家安：才說嘴就打嘴！網路討論有未來嗎？,121.5294408,25.044149899999997
台北市中正區羅斯福路三段244巷2號,Uncategorized,2016/09/18 09:20,先Root為主：A Root 同根生,121.5313002,25.0171185
台北市中正區羅斯福路三段244巷2號,Uncategorized,2016/09/16 19:00,Theseus 忒修斯/Houdini,121.5313002,25.0171185
台北市中正區羅斯福路三段244巷2號,Uncategorized,2016/09/17 07:00,河岸好聲音：MC HAN 韓勇 x 劉沛 Pierre Liu x 高愷蔚 Ape x Holly Lou,121.5313002,25.0171185
台北市忠孝東路三段248巷65號,Uncategorized,2016/10/01 21:00,Vuediner #4 一頭栽入 Vue.js TDD 的世界 (威力加強版),121.5414045,25.038726699999998
台北市松山區復興北路99號,Uncategorized,2016/09/14 14:00,現在準備  搶攻年底佳節商機營銷攻略,121.54435149999999,25.052848
台北市松山區復興北路99號,Uncategorized,2016/09/19 10:00,首場公開電子商務年度經營計畫-PART1,121.54435149999999,25.052848
台北市中正區羅斯福路三段244巷2號,Uncategorized,2017/01/05 09:00,今夜我們隱隱發光：隱分子 x 微光城市,121.5313002,25.0171185
台北市八德路三段34號,Uncategorized,2016/09/19 12:20,[WAO TAIWAN] 9/19（一）12:20 Yoga / Yuli 老師 - 課程預約 ,121.5519529,25.0480585
台北市中正區羅斯福路三段244巷2號,Uncategorized,2016/10/01 00:00,第一天：重力樂團&Friend,121.5313002,25.0171185
台北市八德路三段34號,Uncategorized,2016/09/19 19:50,[WAO TAIWAN] 9/19（一）19:50 Zumba / J-LIN 老師 - 課程預約 ,121.5519529,25.0480585
台北市中山區明水路575號,Uncategorized,2016/09/24 14:00,HackEasy.Life 活動說明會,121.5519134,25.0798305
台北市中正區博愛路52號,Uncategorized,2016/09/24 10:30,《生涯探索工作坊》~手作你的生涯鑽石.2016.09.24~09.25,121.51124899999999,25.045624
台北市內湖區明水路 575 號,Uncategorized,2016/09/25 14:00,【童趣露露】城市的森林童話  印第安小帳篷+兒童劇創意露營（台北首露）,121.5519134,25.0798305
台北市中正區八德路一段 94 號,Uncategorized,2016/09/24 14:00,Open Build Service 實作練習 Workshop 101,121.5322192,25.0440747
台北市中正區羅斯福路三段244巷2號,Uncategorized,2016/09/03 21:00,小魯凱/原味醞釀,121.5313002,25.0171185
台北市龍江路223巷16-1號,Uncategorized,2016/09/03 14:00,微境品手作體驗課程,121.54153259999998,25.0567585
台北市信義區吳興街250號,Uncategorized,2016/09/30 19:30,"2016/09 愛彌兒生之光寶寶游泳課程  ""平日信義北醫班"" ",121.56126709999998,25.0259514
台北市大安區金華街199巷5號,Uncategorized,2016/09/02 10:00,ITSA社群運算與巨量資料課程與教材發展成果分享會,121.52842820000001,25.031180300000003
台北市忠孝東路三段248巷65號,Uncategorized,2016/09/01 00:00,test,121.5414045,25.038726699999998
台北市中正區羅斯福路三段244巷2號,Uncategorized,2016/08/31 09:00,『家‧緣』MAFANA樂團X茅草屋樂團,121.5313002,25.0171185
台北市大安區辛亥路3段118號,Uncategorized,2016/08/31 09:00,2016全國大專生力學競賽,121.55156840000001,25.0150752
台北市吳興街250號,Uncategorized,2016/09/01 13:30,愛彌兒生之光 孕婦水中瑜珈 - 推廣期間僅需支付場地費用,121.56126709999998,25.0259514
台北市忠孝東路四段148號,Uncategorized,2016/09/03 10:00,瑞士BHMS商業酒店管理留學 免費說明會 (大學留學),121.549792,25.041252
台北市中正區羅斯福路三段244巷2號,Uncategorized,2016/09/10 08:30,Idea House Reunion：王治平，王勃 ，Cambo，湯宇方，陳榮貴，謝正裕，林明敏，雷壬鯤，劉紹樑，周頤，張大修,121.5313002,25.0171185
台北市中正區羅斯福路三段244巷2號,Uncategorized,2016/09/05 13:00,HEY！讓我們在自由：HEY! / N.P.E.自由引力,121.5313002,25.0171185
台北市忠孝東路一段12號,Uncategorized,2016/09/28 19:30,【YAHOO×戰國策合辦】掌握跨螢行動商機 中小企業翻身術,121.522054,25.0449723
台北市信義區信義路五段 106 號,Uncategorized,2016/09/09 19:00,F2E Meetup 九月號,121.5668311,25.0327429
台北市萬華區峨眉街52號,Uncategorized,2016/09/08 19:00,業務銷售加油站2周年慶：《銷售奇姬》電影同樂會,121.505412,25.043798000000002
台北市士林區基河路130號,Uncategorized,2016/10/13 11:20,2016行銷企劃秘書培訓營,121.5228862,25.0890026
台北市中正區羅斯福路三段244巷2號,Uncategorized,2016/09/08 00:00,你心歸鄉了嗎~ 林中光樂會,121.5313002,25.0171185
台北市松山區八德路三段34號,Uncategorized,2016/09/30 11:20,J-LIN's Zumba Fitness Open Class 8月單堂預約（8/22）,121.5519529,25.0480585
台北市松山區八德路三段34號,Uncategorized,2016/10/23 14:00,J-LIN's Zumba Fitness Open Class 8月單堂預約（8/29）,121.5519529,25.0480585
臺北市大安區和平東路一段75巷2號,Uncategorized,2016/09/30 19:30,「透視數據下的商機：運用Google Analytics發掘商業洞見」導讀會,121.5249797,25.0272431
台北市中山區松江路25巷40號,Uncategorized,2016/08/20 17:30,青商之春音樂季,121.5347943,25.047771899999997
台北市中正區羅斯福路三段244巷2號,Uncategorized,2016/12/31 09:00,當艾倫遇上David：吳艾倫 X David Jam,121.5313002,25.0171185
台北市大安區羅斯福路四段1號,Uncategorized,2016/08/24 09:00,TAICHI'16,121.5338507,25.0169587
台北市中山區復興北路 350 號,Uncategorized,2016/08/26 19:00,g0v 第肆次基礎建設緊急松 - Enspiral x g0v 社群發展經驗分享 8/26 ,121.54393700000001,25.060025
台北市信義區松山路132號,Uncategorized,2016/08/26 19:00,F2E&RGBA 設計 Meetup 八月號,121.577592,25.047511899999996
台北市中正區羅斯福路三段244巷2號,Uncategorized,2016/10/13 00:00,爵士新秀之夜：爵士之門(Gate of Jazz),121.5313002,25.0171185
台北市大同區長安西路 150 號,Uncategorized,2016/08/25 19:30,Vuedinner #3 淺談前端建置工具與 Vue.js,121.51663400000001,25.0508862
台北市中正區羅斯福路三段244巷2號,Uncategorized,2016/09/19 19:00,當你盪在空中，而世界不再喧嘩！康姆士EP巡迴場：盪在空中 X 康姆士 COM'Z,121.5313002,25.0171185
台北市中正區羅斯福路三段244巷2號,Uncategorized,2016/08/24 08:00,終點，是另一段旅程的起點 RMI fusion quintet,121.5313002,25.0171185
台北市文山區羅斯福路四段206巷200號,Uncategorized,2016/08/28 19:00,ANIDOUJIN MUSIC FEST 動畫同人音樂祭,121.53665500000001,25.010911800000002
台北市信義區吳興街250號,Uncategorized,2016/08/27 00:00,"2016/08 愛彌兒生之光寶寶游泳課程  ""假日---信義北醫班"" ",121.56126709999998,25.0259514
台北市內湖區洲子街196號,Uncategorized,2016/08/13 14:00,2016 8月份 SA@Taipei   8/13(六),121.5662537,25.0814641
台北市南港區研究院路二段128號,Uncategorized,2016/08/20 09:00,COSCUP 2016 Registration,121.6161558,25.042259
台北市中正區羅斯福路三段244巷2號,Uncategorized,2016/08/12 13:00,當孩子轉大人 ：PINK HAZE 平克孩子/來河岸“哈根草”吧,121.5313002,25.0171185
台北市中山區玉門街1號（ 圓山捷運站一號,Uncategorized,2016/08/25 19:00,導入 Prototype 帶來好體驗，看日本與台灣網路公司如何做設計？,121.520118,25.071353
台北市長安東路一段18號,Uncategorized,2016/08/16 17:00,Mobileheroes 通訊大賽 Workshop - AWS & IoT智慧裝置互動,121.52359270000001,25.049198699999998
台北市信義區光復南路133號,Uncategorized,2016/08/11 19:00, 誰是報導者——實踐新聞的另一種方式（台北場）,121.55935,25.043683899999998
台北市文山區羅斯福路四段200號,Uncategorized,2016/08/11 19:00,BREAKBOT LIVE 2016 IN TAIPEI,121.53665500000001,25.010911800000002
台北市中正區八德路一段1號,Uncategorized,2016/08/13 09:00,2016 PIXNET HACKATHON,121.5294408,25.044149899999997
台北市大同區南京西路18巷8之2號,Uncategorized,2016/08/07 15:00,1111婚戀網 ❤ 08/07海苔熊免費講座 擒人節快樂-關於愛情的思考謬誤,121.52014399999999,25.051643
台北市中正區羅斯福路三段244巷2號,Uncategorized,2016/08/11 12:00,We Fight For Life：貧窮鐵人 X 重擊者,121.5313002,25.0171185
台北市吳興街250號,Uncategorized,2016/08/20 21:30,2016/08 愛彌兒生之光親子游泳拍照＾＾,121.56126709999998,25.0259514
台北市中正區忠孝西路一段50號,Uncategorized,2016/08/08 20:00,你的口袋台語歌 (加開),121.51584609999999,25.0459693
台北市臺北市內湖區康寧路三段72號,Uncategorized,2016/08/10 18:30,8/10 -冰原歷險記5：笑星撞地球,121.61133190000001,25.070048800000002
台北市松山區復興北路99號,Uncategorized,2016/08/17 14:30,掌握31App精華 最賺錢的E課,121.54435149999999,25.052848
台北市仁愛路二段97-1號,Uncategorized,2016/08/15 20:00,NPO 組織也會遭遇的資安問題系列課程之一,121.38429609999999,25.075318600000003
台北市中正區羅斯福路三段244巷2號,Uncategorized,2016/08/09 21:00,TYJO爵士三部曲-二部曲:TYJO經典爵士選粹,121.5313002,25.0171185
台北市松山區八德路三段34號,Uncategorized,2016/08/08 20:00,J-LIN's Zumba Fitness Open Class 8月單堂預約（8/8）,121.5519529,25.0480585
台北市中山區松江路131號,Uncategorized,2016/08/15 21:00,優秀職場前輩不跟你說的面試技巧,121.5332476,25.054249600000002
台北市松山區八德路三段34號,Uncategorized,2016/12/31 23:50,J-LIN's Zumba Fitness Open Class 8月單堂預約（8/15）,121.5519529,25.0480585
台北市中正區羅斯福路三段244巷2號,Uncategorized,2016/08/29 19:30,游怡婷與少女們的同樂會,121.5313002,25.0171185
台北市中正區羅斯福路三段244巷2號,Uncategorized,2016/08/16 00:00,尋找屬於你的綠洲：有氧綠洲 Aerobic Oasis Ｘ 爽嗎,121.5313002,25.0171185
台北市南京東路五段213號,Uncategorized,2016/08/13 14:00,Fedora 24 發行聚會,121.56381029999999,25.0514944
台北市中正區羅斯福路三段244巷2號,Uncategorized,2016/08/18 21:00,23號半/永慶的「樂事美聲錄」,121.5313002,25.0171185
台北市大安區和平東路一段162號,Uncategorized,2016/08/18 00:00,"2016/ 09 愛彌兒生之光寶寶游泳課程  ""平日大安師大班""",121.5274888,25.0259513
台北市南港區研究院路2段128號,Uncategorized,2016/08/20 13:00,COSCUP 2016 個人贊助者方案,121.6161558,25.042259
台北市忠孝東路四段148號,Uncategorized,2016/08/20 09:00,留學說明會,121.549792,25.041252
台北市南港區研究院路2段128號,Uncategorized,2016/08/21 18:00,COSCUP 2016 Lightning talk 預先投稿,121.6161558,25.042259
台北市松山區八德路三段34號,Uncategorized,2016/08/02 09:00,J-LIN's Zumba Fitness Open Class 8月單堂預約（8/1）,121.5519529,25.0480585
台北市中正區忠孝西路一段50號,Uncategorized,2016/07/26 08:00,你的口袋台語歌,121.51584609999999,25.0459693
台北市大安區羅斯福路四段85號,Uncategorized,2016/07/21 10:50,科技部資訊安全實務研發計畫期末成果展,121.5367739,25.013051
台北市中正區市民大道三段2號,Uncategorized,2016/07/23 14:00,1111婚戀網 ❤ 723 免費講座－愛情型不型，九型人格幫你/妳找到好戀情！,121.53112730000001,25.0454815
台北市信義區信義路五段 106 號,Uncategorized,2016/08/04 19:30,F2E Meetup 八月號,121.5668311,25.0327429
台北市中山區中山北路二段111號10樓 (雙連教會十樓禮拜堂) / 台北市中山區中山北路二段111號,Uncategorized,2016/07/23 19:30,7月23日為愛而唱，關懷視障獨老，邀您免費入場,121.52324479999999,25.0602077
台北市八德路一段 94 號,Uncategorized,2016/07/23 13:30,g0v 第參次基礎建設閃電松 - 7/23,121.5322192,25.0440747
台北市中正區羅斯福路三段244巷2號,Uncategorized,2016/07/31 18:10,不再是無名：Cindy is falling X 小人物樂團,121.5313002,25.0171185
台北市松山區興安街200號,Uncategorized,2016/07/22 19:00,WoFOSS 2016/ 7月第70次聚會,121.5454655,25.0559666
台北市中正區羅斯福路三段244巷2號,Uncategorized,2016/07/22 20:00,Idea House Reunion 鄉村之夜,121.5313002,25.0171185
台北市松山區復興北路99號,Uncategorized,2016/07/22 22:00,滑出金山銀山  行銷怎麼做?,121.54435149999999,25.052848
台北市大同區長安西路 150 號,Uncategorized,2016/07/25 19:00,Elixir 台灣 第五次 Meetup！,121.51663400000001,25.0508862
台北市忠孝東路三段248巷65號,Uncategorized,2016/07/28 19:30,Ping Pong ! Vuex + Laravel,121.5414045,25.038726699999998
台北市松山區復興北路99號,Uncategorized,2016/07/22 22:00,滑出金山銀山  行銷怎麼做?,121.54435149999999,25.052848
台北市中正區羅斯福路三段244巷2號,Uncategorized,2016/07/29 21:00,TYJO爵士三部曲-首部曲:烏野薰(UNO)與TYJO精選團,121.5313002,25.0171185
台北市內湖區洲子街196號,Uncategorized,2016/07/31 18:00,FreeBSD Day Taiwan,121.5662537,25.0814641
台北市信義路三段153號,Uncategorized,2016/07/30 10:00,Fukushima & Faust Game Jam 2016 台北會場,121.5425979,25.0336762
台北市信義區松壽路9號,Uncategorized,2016/08/06 13:45,BENQ 【細節就在電影中講座】,121.566575,25.036018
台北市大安區光復南路102號,Uncategorized,2016/08/02 19:20,Test Corner #5,121.5574173,25.0435203
台北市臺北市內湖區康寧路三段72號,Uncategorized,2016/08/03 14:00,8/3 - 寵物當家,121.61133190000001,25.070048800000002
台北市忠孝東路四段148號,Uncategorized,2016/08/01 16:20,美國抽籤移民,121.549792,25.041252
臺北市羅斯福路三段242號,Uncategorized,2016/08/03 18:30,2016台電開放資料暖身黑客松,121.53070670000001,25.0172116
台北市中正區羅斯福路三段244巷2號,Uncategorized,2016/08/03 21:00,醉心後搖夜：徐行 crusing X 薛丁格的貓,121.5313002,25.0171185
台北市信義區松壽路6號,Uncategorized,2016/08/05 12:30,JKF X 2016 Adult Expo大尺度棚拍活動,121.564467,25.035487
台北市中正區羅斯福路三段244巷2號,Uncategorized,2016/07/17 18:00,空弦樂團「撥雲見日」新專輯發表會,121.5313002,25.0171185
台北市敦化南路二段216號,Uncategorized,2016/07/19 22:00,如何在大數據時代提昇資料力,121.547977,25.022136
台北市大安區辛亥路3段118號,Uncategorized,2016/07/28 16:00,2016全國大專生力學競賽,121.55156840000001,25.0150752
台北市松山區八德路四段123號,Uncategorized,2016/07/05 19:30,網路開店︱實務應用專業課程（三堂系列）,121.5617386,25.0488505
台北市大安區金華街199巷5號,Uncategorized,2016/07/08 10:30,ITSA社群運算與巨量資料領域期中會議,121.52842820000001,25.031180300000003
台北市中正區羅斯福路三段244巷2號,Uncategorized,2016/07/07 21:00,西尤島三種奏the siyuland trio / 派西絲+黃藍白,121.5313002,25.0171185
台北市中正區羅斯福路三段244巷2號,Uncategorized,2016/07/06 18:00,沈安 Shen An『你要我要』/Savakan樂團,121.5313002,25.0171185
台北市大安區延吉街70巷5弄6號,Uncategorized,2016/07/09 15:00,1111婚戀網 ❤ 7/9 100% 好脾氣男孩,121.5536043,25.0422532
台北市大安區金華街199巷5號,Uncategorized,2016/07/28 16:00,ITSA社群運算與巨量資料課程與教材發展成果分享會,121.52842820000001,25.031180300000003
台北市松山區復興北路99號,Uncategorized,2016/07/13 14:00,APP網路平台來勢洶洶,121.54435149999999,25.052848
台北市松山區三民路102巷2號,Uncategorized,2016/07/13 13:00,食育DIY -7月課程,121.5637656,25.0573555
台北市峨眉街52號,Uncategorized,2016/07/09 18:10,【台北場】六弄咖啡館 電影特映會 【KKBOX 白金會員限定】,121.505412,25.043798000000002
台北市中正區羅斯福路三段244巷2號,Uncategorized,2016/07/09 21:00,旅北阿美同樂會 funk一夏：Lalan樂團/Nuka 鹿角樂團,121.5313002,25.0171185
台北市大安路一段16巷3號,Uncategorized,2016/07/13 19:00,臺北市雲轉大安好生活協會    logo元素徵求,121.54601729999999,25.044172399999997
台北市峨眉街52號,Uncategorized,2016/07/09 18:10,【台北場】KKBOX 90 天儲值序號(加贈六弄咖啡館 KKBOX 專屬特映入場券乙張),121.505412,25.043798000000002
台北市信義區基隆路一段178號,Uncategorized,2016/07/14 14:00,【金萱回饋講座】設計人的字型必修課！台北七月場,121.56494540000001,25.042480100000002
台北市文山區興隆路三段222號,Uncategorized,2016/07/17 21:00,小小英語超偶俱樂部,121.559673,24.997016600000002
台北市中正區中山南路11號,Uncategorized,2016/08/21 09:00,2016 Conference on Good Clinical Practice-Trends of Good Clinical Practice,121.51871499999999,25.038715
台北市中正區羅斯福路三段244巷2號,Uncategorized,2016/07/18 09:00,3mm A Day - 日行三釐/韓沛漛&莫非客樂團《我們的·歌》巡迴演唱會,121.5313002,25.0171185
臺北市敦化南路二段 216 號,Uncategorized,2016/06/30 10:00,SUSE Labs Taipei Hackweek 14,121.547977,25.022136
台北市大同區長安西路 150 號,Uncategorized,2016/06/21 19:30,Rails Girls Weekly - 初探前端網頁技術 JavaScript 2/3,121.51663400000001,25.0508862
台北市中正區羅斯福路三段244巷2號,Uncategorized,2016/07/13 18:00,宥盛王與他的好夥伴/Control T,121.5313002,25.0171185
臺北市中正區羅斯福路三段244巷2號,Uncategorized,2016/06/22 10:00,緋紅樂團/Same but Different,121.53130719999999,25.017130899999998
台北市大安區和平東路一段 129 號,Uncategorized,2016/06/25 14:00,【Sumplus文化創新講座】勇氣 x 貢獻 你看見世界 世界看見你,121.52931770000001,25.0271205
台北市大安區敦化南路二段 216 號,Uncategorized,2016/06/25 14:00,2016 六月份 SA@Taipei   6/25(六),121.547977,25.022136
台北市中山區松江路156巷9號,Uncategorized,2016/06/25 14:00,1111婚戀網❤ 625 反骨貓-約會聊天技巧-用精彩故事吸引他/她講座,121.53318870000001,25.046304199999998
台北市大同區長安西路 150 號,Uncategorized,2016/06/28 19:00,Rails Girls Weekly - 初探前端網頁技術 JavaScript 3/3,121.51663400000001,25.0508862
台北市中山區吉林路26巷26號,Uncategorized,2016/06/25 10:00,【行銷文案訓練班】練好文案創造力，寫出你的商品力！,121.52917420000001,25.0513836
台北市文山區木柵路 一段231巷34號,Uncategorized,2016/06/25 09:00,暑期國一先修班,121.55163200000001,24.9886139
台北市中山南路1號,Uncategorized,2016/07/01 09:30,測試用表單～for安璐,121.5195803,25.0439998
台北市中正區貴陽街一段56號,Uncategorized,2016/07/11 20:30,跨境電商實務與發展研討會,121.50992859999998,25.0388741
台北市八德路一段 94 號,Uncategorized,2016/08/07 18:00,g0v 第貳次基礎建設黑客松 - 7/3,121.5322192,25.0440747
臺北市中正區羅斯福路三段244巷2號,Uncategorized,2016/06/13 18:00,陳柏融 feat 鼓浪擊樂團/克里夫 Cliff,121.53130719999999,25.017130899999998
台北市八德路一段 94 號,Uncategorized,2016/06/18 00:00,g0v 第壹次基礎建設黑客松 - 6/12 ,121.5322192,25.0440747
台北市中山區中山北路三段40號,Uncategorized,2016/06/12 19:00,6/12 程式學習 X 矽谷教育 Make School CEO 座談會 ,121.521804,25.0671544
臺北市中正區羅斯福路三段244巷2號,Uncategorized,2016/06/06 23:50,女力崛起《看花EP》妮可醬樂團 發片專場演唱會,121.53130719999999,25.017130899999998
台北市中正區羅斯福路三段244巷2號,Uncategorized,2016/06/02 13:30,比茲卡西 BIZcashi / Looking Grace 看啊！葛瑞絲,121.5313002,25.0171185
臺北市林森南路33號,Uncategorized,2016/06/02 19:00,臨床試驗和你想的不一樣--一窺 CRA與CDA工作實務,121.52272509999999,25.041748499999997
臺北市大安區和平東路2段134號,Uncategorized,2016/06/02 19:00,創業系列講座 │ 創業好財富- 創業財務規劃技巧,121.54463740000001,25.024624399999997
臺北市中正區羅斯福路三段244巷2號,Uncategorized,2016/05/29 21:00,百合花 「繼續怨妒吧！」2016最終場演唱會,121.53130719999999,25.017130899999998
臺北市中正區羅斯福路三段244巷2號,Uncategorized,2016/06/05 16:30,Tahai x Ljegai x Leo 「少年叔叔」/ 吳忠明 feat. 街友們 「在街上做什麼」,121.53130719999999,25.017130899999998
臺北市林森南路33號,Uncategorized,2016/06/02 19:30,臨床試驗和你想的一樣嗎?一窺 CRA與CDA工作實務,121.52272509999999,25.041748499999997
臺北市林森南路33號,Uncategorized,2016/06/25 21:30,臨床試驗和你想的不一樣--一窺 CRA與CDA工作實務,121.52272509999999,25.041748499999997
台北市中正區羅斯福路三段244巷2號,Uncategorized,2016/06/09 14:30,「風光明媚的路上」Theseus 忒修斯/徐行 crusing,121.5313002,25.0171185
台北市中山區長安東路一段61-1號,Uncategorized,2016/06/22 21:30,【魔法數字講堂】(生命靈數＋數字易經 突破性發明),121.52707690000001,25.0487212
臺北市信義區松仁路38號,Uncategorized,2016/06/30 16:00,2016兩岸新金融與風險管理新思維研討會,121.5679439,25.0386489
台北市中正區羅斯福路三段244巷2號,Uncategorized,2016/06/04 21:00,Monkey Pilot 猴子飛行員 2016 FLYING TOUR,121.5313002,25.0171185
台北市中正區羅斯福路三段244巷2號,Uncategorized,2016/06/11 21:00,West Coast Experience Jazz Quartet,121.5313002,25.0171185
臺北市大安區和平東路2段134號,Uncategorized,2016/06/01 13:30,創業系列講座 │ 數位行銷新觀點 ─ 電子商務不是電子化型錄,121.54463740000001,25.024624399999997
台北市中正區羅斯福路三段244巷2號,Uncategorized,2016/06/10 20:30,『張文光鼓動樂團』x『我是鼓手 - 青春不留白』 Durmmer Party 之夜,121.5313002,25.0171185
台北市大安區仁愛路四段345巷4弄45號,Uncategorized,2016/06/18 16:30,1111婚戀網♥6/18乾杯居酒屋聯誼  夏日最嗨！,121.5511692,25.0390576
台北市大安區羅斯福路四段85號,Uncategorized,2016/06/19 09:30,Deliver Project on Time 敏捷專案管理實務 by Xdite ( 2016 夏季班）,121.5367739,25.013051
台北市大安區復興南路一段293號,Uncategorized,2016/06/11 10:00,PyCon Taiwan 2016 Sprint,121.5439646,25.035246899999997
台北市松山區復興北路99號,Uncategorized,2016/06/07 11:10,電商實戰  領頭羊首部曲,121.54435149999999,25.052848
台北市內湖區瑞光路298號,Uncategorized,2016/06/14 19:00,見微知「柱」- 你不知道的脊椎大小事,121.5747085,25.0763383
台北市松高路11 號,Uncategorized,2016/06/13 19:30,2016 邁可森《琴音狂想》見面會,121.5658739,25.0397197
台北市敦化南路二段216號,Uncategorized,2016/06/15 19:30,如何建構前端工程師技能樹,121.547977,25.022136
台北市大同區長安西路 150 號,Uncategorized,2016/06/14 19:30,Rails Girls Weekly - 初探前端網頁技術 JavaScript 1/3,121.51663400000001,25.0508862
台北市信義區吳興街250號,Uncategorized,2016/06/15 00:00,"2016/06 愛彌兒生之光寶寶游泳課程  ""信義北醫班"" ",121.56126709999998,25.0259514
台北市中正區臨沂街1號,Uncategorized,2016/06/16 22:00,Types and Programming Language 台北第一次線下讀書會,121.53097849999999,25.0434584
台北市中正區羅斯福路三段244巷2號,Uncategorized,2016/06/15 21:00,Jellybean/駭嗑樂團 Hacker band,121.5313002,25.0171185
台北市內湖區成功路4段168號,Uncategorized,2016/06/15 20:10,八髎美沐優惠活動,121.5929564,25.083193899999998
台北市大同區長安西路 150 號,Uncategorized,2016/09/25 16:00,Elixir 台灣 第4次 Meetup！,121.51663400000001,25.0508862
台北市南港區研究院路 2 段 128 號,Uncategorized,2016/06/17 09:00, JCConf Taiwan 2016 Call for Proposals,121.6161558,25.042259
臺北市中正區羅斯福路三段244巷2號,Uncategorized,2016/05/21 09:00,宋楚琳520我愛你生日趴,121.53130719999999,25.017130899999998
臺北市羅斯福路一號,Uncategorized,2016/05/22 09:00,臺大開源社第零次黑客松,121.5338507,25.0169587
台北市中正區博愛路52號,Uncategorized,2016/05/28 10:00,《愛情配方》陪你好好愛，愛下去~親密關係工作坊~,121.51124899999999,25.045624
臺北市中正區羅斯福路三段244巷2號,Uncategorized,2016/05/21 21:00,Balai 巴賴 /王榆鈞,121.53130719999999,25.017130899999998
台北市中山區玉門街1號,Uncategorized,2016/06/18 12:30,2016《孩想擁抱》第四屆「和幸福作伴」愛心園遊會,121.52175390000001,25.070327600000002
台北市內湖區文德路210巷8號1F /  台北市內湖區文德路210巷8號,Uncategorized,2016/05/21 13:30,【 Makee.io 造物學堂 】命運的輪盤 ,121.5839848,25.077937
台北市和平東路一段129號,Uncategorized,2016/05/22 09:00,台灣生涯發展與諮詢學會2016年會,121.52931770000001,25.0271205
臺北市中正區羅斯福路三段244巷2號,Uncategorized,2016/05/27 08:50,劉雲平「指板上的旅程」音樂會/欽聖 ChinSheng「行樂千山」,121.53130719999999,25.017130899999998
台北市吳興街250號,Uncategorized,2016/05/27 10:40,愛彌兒生之光 孕婦水中瑜珈 - 推廣期間僅需支付場地費用,121.56126709999998,25.0259514
台北市敦化南路二段216號,Uncategorized,2016/05/25 09:30,NetIQ Sentinel for Log Management 一天教育訓練(5月25日),121.547977,25.022136
臺北市中正區羅斯福路三段244巷2號,Uncategorized,2016/05/27 16:30,MAFANA樂團/ 通勤少年,121.53130719999999,25.017130899999998
臺北市中正區羅斯福路三段244巷2號,Uncategorized,2016/05/28 21:00,李芊彤首張全創作專輯「UNICORN獨角獸」發表會 / 唐寧「告別冬日」音樂會,121.53130719999999,25.017130899999998
台北市松山區敦化南路一段1號,Uncategorized,2016/06/25 22:10,90天打造完美體態,121.549351,25.047677
台北市大安區和平東路一段162號,Uncategorized,2016/05/02 19:00,"2016/ 05 愛彌兒生之光寶寶游泳課程  ""大安師大班""",121.5274888,25.0259513
台北市中正區汀州路三段230巷37弄8號,Uncategorized,2016/05/12 12:00,OH:RepRap Festival 3DP大拜拜 招募志工,121.53240690000001,25.0108335
台北市青島東路7號,Uncategorized,2016/05/26 21:00,期指當沖策略班,121.5225866,25.043812399999997
台北市大安區敦化南路二段 216 號,Uncategorized,2016/05/07 14:00,2016 5月份 SA@Taipei   5/7(六),121.547977,25.022136
台北市羅斯福路三段 244 巷 2 號,Uncategorized,2016/07/18 18:45,Hippocampus 海馬 迴/HornyEarth 放蕩地球,121.5313002,25.0171185
臺北市中正區羅斯福路三段244巷2號,Uncategorized,2016/05/06 21:00, DizparityＸShao Hao邵豪 /HandS Up Band 分享器樂團,121.53130719999999,25.017130899999998
臺北市中正區羅斯福路三段244巷2號,Uncategorized,2016/05/13 09:00,愛力獅 (顏心彤)/Nawan阿修,121.53130719999999,25.017130899999998
台北市南港區經貿二路188號,Uncategorized,2016/05/14 10:00,認識先知性恩賜與服事,121.6152462,25.0596987
台北市大同區長安西路 150 號,Uncategorized,2016/07/11 20:50,Elixir 台灣 第三次 Meetup！,121.51663400000001,25.0508862
台北市南港區研究院路二段128號,Uncategorized,2016/05/14 09:00,g0v Summit 2016 Conference,121.6161558,25.042259
台北市中正區徐州路2號,Uncategorized,2016/08/30 07:00,OpenDC/OS研討會暨工作坊,121.5207685,25.040979800000002
台北市青島東路7號,Uncategorized,2016/05/15 09:30,選擇權組合【先修+進階+實戰】共3門(林漢威) ◆假日班,121.5225866,25.043812399999997
台北市中山區吉林路26巷26號,Uncategorized,2016/05/20 16:00,【電商必學品牌文案班】文案狂飆一點靈,121.52917420000001,25.0513836
台北市松山區復興北路99號,Uncategorized,2016/05/18 13:30,網路世界的金庫,121.54435149999999,25.052848
台北市松山區復興北路99號,Uncategorized,2016/05/18 13:00,『大數據行銷』秀 (嗅)出你的金客群,121.54435149999999,25.052848
台北市羅斯福路三段 244 巷 2 號,Uncategorized,2016/05/15 21:00,黑孩子/孩在搖滾,121.5313002,25.0171185
台北市民生東路5段69巷2-6號,Uncategorized,2016/04/30 14:00,2016.4.30 我愛爆爆- 微醺戀愛小旅行: 『旅行.戀愛.品酒』趴,121.5582638,25.05976
台北市羅斯福路三段 244 巷 2 號,Uncategorized,2016/04/25 09:00,酒窩與法令紋/七號青,121.5313002,25.0171185
台北市中正區博愛路52號,Uncategorized,2016/04/23 10:00,【生命資源配置】系列課程之~【理財維生術B】~全方位財務防護,121.51124899999999,25.045624
台北市大安區羅斯福路三段45號,Uncategorized,2016/04/24 13:30,數學菁英培訓計畫-檢定考,121.525478,25.0233773
台北市忠孝東路三段一號,Uncategorized,2016/04/27 10:50,2016北科大多元才藝&科學夏令營開始早鳥優惠了,121.5356358,25.0424339
台北市中正區汀州路三段230巷37弄8號,Uncategorized,2016/04/28 08:00,OH:RepRap Festival 3DP大拜拜 招募志工,121.53240690000001,25.0108335
台北市中山區松江路156巷9號,Uncategorized,2016/05/01 12:00,1111婚戀網♥戀愛心理學,121.53318870000001,25.046304199999998
台北市文山區景中街36號,Uncategorized,2016/05/01 09:00,2016 樂高class---快樂高中職限定,121.5435832,24.9924921
台北市羅斯福路三段 244 巷 2 號,Uncategorized,2016/04/22 09:00,Pierre劉沛/Lenny Wu伍靖,121.5313002,25.0171185
台北市館前路八號,Uncategorized,2016/04/23 17:00,Ｍaster 卡 ~ 讀書會 ~ 台北場 (本場內容以高普考為主）,121.5147078,25.045803699999997
台北市松山區復興北路99號,Uncategorized,2016/04/27 23:59,一根手指頭的天下----創造無限商機關鍵的秘密？,121.54435149999999,25.052848
台北市松山區復興北路99號,Uncategorized,2016/04/15 13:30,一根手指頭的天下----創造無限商機關鍵的秘密？,121.54435149999999,25.052848
台北市羅斯福路三段 244 巷 2 號,Uncategorized,2016/05/15 22:00,董運昌與烏托邦吉他大賽得主音樂會,121.5313002,25.0171185
台北市中山區松江路168號,Uncategorized,2016/04/19 14:00,從網路行銷到全球，創造品牌新價值,121.5328196,25.055759100000003
台北市大同區長安西路 150 號,Uncategorized,2016/04/18 19:00,Elixir 台灣 第二次 Meetup！,121.51663400000001,25.0508862
台北市徐州路2號,Uncategorized,2016/04/18 14:30,「公司與中小企業研發支出適用投資抵減辦法」說明會 ─通訊（含系統終端）領域,121.5207685,25.040979800000002
台北市100中正區中山北路一段2號,Uncategorized,2016/04/18 09:00,TWSDI設計證照輔導研習,121.5194939,25.0460568
台北市青島東路7號,Uncategorized,2016/04/17 10:00,多空雙賺存股SOP組合班 ◆假日班,121.5225866,25.043812399999997
台北市羅斯福路三段 244 巷 2 號,Uncategorized,2016/04/19 21:00,Salama樂團/ 鹿角樂團,121.5313002,25.0171185
台北市信義區吳興街250號,Uncategorized,2016/04/12 00:00,"2016/04 愛彌兒生之光寶寶游泳課程  ""信義北醫班"" ",121.56126709999998,25.0259514
台北市中山區吉林路26巷26號,Uncategorized,2016/04/21 19:00,【電商必學品牌文案班】文案狂飆一點靈,121.52917420000001,25.0513836
台北市八德路三段155巷4弄1-1號,Uncategorized,2016/04/09 19:00,TDOH 2016 不解散的解散大食團之炎日吃冰團,121.55523400000001,25.0486647
台北市南陽街13號 / 台北市南陽街13號,Uncategorized,2016/03/25 19:30,免費講座-設計靈感技法全新進化,121.51618400000001,25.045002
台北市中山區明水路569號,Uncategorized,2016/03/26 13:00,2016 第五屆HTML5峰會@台灣．台北,121.551355,25.0796919
臺北市天母國小 視聽中心 / 臺北市士林區天玉街12號,Uncategorized,2016/03/26 10:00,2016年天母國小親子英語學習工作坊,121.5274649,25.119709699999998
台北市中山區民族東路26號,Uncategorized,2016/03/26 15:00,蝶王首作創運改命祈福加持大法會,121.5241382,25.068257199999998
台北市羅斯福路三段 244 巷 2 號,Uncategorized,2016/05/11 16:00,甯子達X葉賀璞  跨界Duo對話,121.5313002,25.0171185
台北市中正區中山南路8號,Uncategorized,2016/03/26 08:30,陳烱霖教授百歲冥誕 紀念學術研討會,121.5188189,25.044230399999996
臺北市中正區羅斯福路三段244巷2號,Uncategorized,2016/04/07 14:00,Jellybean/凍頂樂團Rock 'n' Rap,121.53130719999999,25.017130899999998
台北市青島東路7號,Uncategorized,2016/04/05 19:30,窮人翻身靠股票，股市獅公李永年教你股市投資術,121.5225866,25.043812399999997
台北市內湖區堤頂大道一段223號,Uncategorized,2016/03/21 18:30,2016 CNEX華人紀錄片提案大會 - 徵案活動 CCDF-7 Call for Entry,121.57357179999998,25.059486800000002
台北市青島東路7號,Uncategorized,2016/03/22 21:00,股權勝箱波均-以逸待勞擒主升,121.5225866,25.043812399999997
台北市羅斯福路三段 244 巷 2 號,Uncategorized,2016/03/20 10:00,Ripple /大大樂隊EP巡迴演出,121.5313002,25.0171185
臺北市羅斯福路四段一號,Uncategorized,2016/03/06 09:00,2016 KKBOX 臺灣大學就業博覽會,121.5338507,25.0169587
台北市長安東路一段61-1號,Uncategorized,2016/03/08 14:00,【魔法商務交流會】《MBC 午後商機》3/8場,121.52707690000001,25.0487212
台北市大安區忠孝東路四段169號4F之1 /  台北市大安區忠孝東路四段169號,Uncategorized,2016/03/11 19:00,穿戴設備熱全球_全方位生活智能APP創新研討會,121.55038770000002,25.041791800000002
台北市大安區仁愛路三段26-3號,Uncategorized,2016/03/11 19:00,「快樂復活節」活動開跑囉！,121.5361027,25.0376257
台北市中正區博愛路52號,Uncategorized,2016/03/12 10:30,【生命資源配置】系列課程之~【理財維生術A】~照亮你的理財路 ,121.51124899999999,25.045624
台北市（地點另通知） / 台北市中正區中山北路一段2號,Uncategorized,2016/03/12 13:00,協會春酒聯誼,121.519494,25.046057
台北市長安東路一段61-1號,Uncategorized,2016/03/15 14:00,【魔法商務交流會】《MBC 午後商機》3/15場,121.52707690000001,25.0487212
台北市大同區迪化街一段202號,Uncategorized,2016/03/12 11:00,"岡達造物,門店開幕,迪化街",121.50944199999999,25.059010999999998
台北市松山區民生東路3段130巷9號,Uncategorized,2016/03/15 14:00,員工竊專利跳槽？企業資安拉緊報 ──偵測、預防到應變一次掌握,121.546388,25.056327
台北市松山區復興北路99號,Uncategorized,2016/03/16 13:30,31APP一指開店講座，教你打造成功開店方程式！,121.54435149999999,25.052848
台北市大安區和平東路一段129號,Uncategorized,2016/03/14 19:00,零秒思考力-SPEED WORKSHOP,121.52931770000001,25.0271205
台北市青島東路7號,Uncategorized,2016/03/23 19:00,翻轉魯蛇人生 創造財富三式(洪寶山、蔡志雄、李永年),121.5225866,25.043812399999997
台北市中山北路四段16號) / 台北市中山北路四段16號,Uncategorized,2016/03/13 08:40,臨床試驗訓練學程-專業入門系列課程 (測試用請勿在此報名),121.5243614,25.0775845
台北市松山區復興北路99號,Uncategorized,2016/03/18 13:00,還以為一個簡單的頁面、拍賣，就可以吸引廣大商機？,121.54435149999999,25.052848
台北市中山區南京東路二段124號,Uncategorized,2016/03/19 21:00,《af》2016 台灣法語週 : Laurent Brunetti 演唱會 (台北場),121.53334679999999,25.0517453
台北市青島東路7號,Uncategorized,2016/03/20 17:00,期指當沖實戰班,121.5225866,25.043812399999997
台北市衡陽路51號6樓之6(台北金融研究發展基金會) (願景廳) / 台北市衡陽路51號,Uncategorized,2016/03/24 13:30,LINE@商機大引爆(台北場),121.512206,25.042402
台北市大同區民族西路33號,Uncategorized,2016/02/21 21:00,2016【拯救天賦14堂課 】台北週日班-天賦探索X自我療癒X行動實作，一次到位,121.51949409999999,25.0686787
臺北市松江路283號,Uncategorized,2016/02/19 09:00,2016 TOSSUG X H4 春酒聚餐,121.5334757,25.060222
台北市南港區研究院路二段128號,Uncategorized,2016/02/15 20:00,g0v Summit 2016 International Early Bird Program,121.6161558,25.042259
台北市南港區研究院路二段128號,Uncategorized,2016/02/16 09:00,g0v Summit 2016 Contributor Registration (社群貢獻票專案),121.6161558,25.042259
台北市中山區市民大道三段83號,Uncategorized,2016/02/26 14:30,Infinity Japan 2016 Contemporary Art Show 日本無極限 當代藝博會,121.53702870000001,25.0449859
台北市大安區忠孝東路四段107號 / 台北市大安區忠孝東路四段107號,Uncategorized,2016/02/27 14:00,免費講座-設計靈感技法全新進化,121.548309,25.041752
台北市中正區博愛路52號,Uncategorized,2016/02/21 10:00,【生命的神秘配方~調出你喜歡的人生滋味】~自我探索工作坊,121.51124899999999,25.045624
台北市八德路一段94號,Uncategorized,2016/02/21 14:00,2016 2月份 SA@Taipei 淺談 Ansible 自動化組態管理工具 2/21(日),121.5322192,25.0440747
台北市南港區研究院路二段128號,Uncategorized,2016/02/28 17:00,SITCON 2016 開源貢獻者專屬票,121.6161558,25.042259
台北市大安區和平東路一段162號,Uncategorized,2016/03/04 15:00,"2016/ 03 愛彌兒生之光寶寶游泳課程  ""大安師大班""",121.5274888,25.0259513
台北市南港區研究院路二段128號,Uncategorized,2016/02/27 09:00,SITCON 2016,121.6161558,25.042259
台北市長安東路一段61-1號,Uncategorized,2016/03/01 14:00,【魔法商務交流會】《MBC 午後商機》3/1場,121.52707690000001,25.0487212
台北市中山北路三段 40 號,Uncategorized,2016/01/29 18:00,Global Game Jam 2016 台北大同大學場,121.521804,25.0671544
台北市忠孝西路一段41號,Uncategorized,2016/02/04 11:30,【ELS美國加拿大澳洲】學費優惠 最高可省9200元,121.518464,25.046301999999997
臺北市敦化南路二段 216 號,Uncategorized,2016/03/04 19:00,SUSE Labs Taipei technology sharing day,121.547977,25.022136
台北市大安區敦化南路二段103巷6號,Uncategorized,2016/02/04 18:30,HITCON 行政組小聚,121.5493108,25.0285467
台北市南陽街13號  / 台北市南陽街13號,Uncategorized,2016/02/04 18:30,免費講座-創意靈感設計技巧大公開,121.51618400000001,25.045002
台北市中正區中山北路一段2號,Uncategorized,2016/01/25 22:50,『同業交流晚會二』（台北2016/2/3三）,121.5194939,25.0460568
台北市復興北路99號14F (南京復興捷運站) / 台北市復興北路99號,Uncategorized,2016/01/26 19:00,專案經理人講堂：PMP國際管理力,121.544376,25.052814
台北市敦化北路214號,Uncategorized,2016/01/26 19:30,商業講座 處理疲勞,121.5486774,25.0580197
台北市松山區敦化北路214號,Uncategorized,2016/01/27 19:30,免費商業講座  如何讓你變得更聰明,121.5486774,25.0580197
台北市大安區新生南路一段161巷2-1號,Uncategorized,2016/01/24 13:00,g0v 防災小型黑客松,121.53343670000001,25.0345215
台北市松山區敦化北路214號,Uncategorized,2016/01/27 19:30,免費商業講座  如何讓你變得更聰明,121.5486774,25.0580197
台北市南京東路4段2號,Uncategorized,2016/02/29 18:00,【第11屆KKBOX風雲榜】VIP老朋友索票活動,121.5498896,25.050793300000002
台北市復興北路99號14F (南京東路捷運站)  /  台北市復興北路99號,Uncategorized,2016/01/25 19:00,多媒體講座：如何從創意產業脫穎而出?,121.544376,25.052814
台北市士林區福華路180號,Uncategorized,2016/01/30 13:00,「從作品〈pin shadow〉找尋演算靈魂」工作坊,121.52223959999999,25.1059198
台北市中正區中山北路一段2號,Uncategorized,2016/01/30 00:00,『同業交流晚會一』（台北2016/1/29五）,121.5194939,25.0460568
台北市松山區敦化北路214號,Uncategorized,2016/02/02 19:30,確保團體能自給自足的秘訣 讀書會,121.5486774,25.0580197
台北市大安區光復南路102號,Uncategorized,2016/01/22 13:00,Dr. James 開放知識與醫學專題演講,121.5574173,25.0435203
台北市大安區金華街142號,Uncategorized,2016/01/20 19:00,當公益遇上群眾募資,121.52861499999999,25.02979
台北市中山北路一段2號,Uncategorized,2016/02/27 16:00,第八梯從業人員公約認證班（台北）,121.5194939,25.0460568
台北市信義區信義路五段一號,Uncategorized,2016/01/09 14:00,【01/09，投資東協免費說明會】,121.56077890000002,25.033505399999996
台北市信義區信義路五段一號,Uncategorized,2016/01/09 14:00,【01/09，投資東協免費說明會】,121.56077890000002,25.033505399999996
台北市松山區八德路四段 123 號,Uncategorized,2016/01/31 19:00,MIT Game Jam #5（Global Game Jam 2016 台北場）,121.5617386,25.0488505
台北市萬華區艋舺大道303號,Uncategorized,2016/01/08 19:00,昕創千萬APP大賽-1/20廠商、設計團隊媒合說明會,121.4964669,25.033154500000002
台北市信義區信義路五段一號,Uncategorized,2016/01/09 14:00,【01/09，投資東協免費說明會】,121.56077890000002,25.033505399999996
台北市信義區信義路五段一號,Uncategorized,2016/01/09 14:00,【01/09，投資東協免費說明會】,121.56077890000002,25.033505399999996
台北市信義區信義路五段1號,Uncategorized,2016/01/07 19:00, 年輕的力量進國會：屬於我們的記者會,121.56077890000002,25.033505399999996
台北市信義區信義路五段一號,Uncategorized,2016/01/09 14:00,【01/09，投資東協免費說明會】,121.56077890000002,25.033505399999996
台北市中正區中山北路一段2號,Uncategorized,2016/01/13 21:00,第一彈：裝飾牆版感恩抽獎，共2組（貢獻點數限定）,121.5194939,25.0460568
台北市松山區民生東路3段130巷9號,Uncategorized,2016/01/21 14:00,參加2016最夯行銷講座，現場最高簽約回饋金25%!!,121.546388,25.056327
台北市中山區中山北路三段49號,Uncategorized,2016/01/19 19:30,Elixir 台灣 第一次 Meetup！,121.5227236,25.0669493
台北市文山區指南路二段64號,Uncategorized,2016/01/12 19:00,政大-北市大SNA期末聯合發表會,121.57612809999999,24.9873313
台北市松山區復興北路99號,Uncategorized,2016/01/13 13:30,2016電子商務大趨勢！31APP開店系統，引領賣家搶攻市場！,121.54435149999999,25.052848
台北市中正區思源街1號,Uncategorized,2016/01/23 13:00,跟著節氣過生活- 大寒挑食,121.53025290000001,25.013285999999997
台北市中正區中山北路一段2號,Uncategorized,2016/01/11 12:00,2016年【C類廠商】入會線上申請書,121.5194939,25.0460568
台北市中正區中山北路一段2號,Uncategorized,2015/12/29 17:30,2017會員資料登記表,121.5194939,25.0460568
台北市松山區敦化北路118號,Uncategorized,2016/01/01 00:30,【好心有好運 喜事跟著來】2015/2016奧比斯慈善獎券募款活動,121.548579,25.053798
台北市中正區中山北路一段2號,Uncategorized,2015/12/21 16:40,2016年【設計工程專業會員】入會線上申請書,121.5194939,25.0460568
台北市大安區信義路4段306號,Uncategorized,2015/12/31 19:00,測試大會3,121.5549091,25.032961899999997
台北市大安區信義路4段306號,Uncategorized,2016/01/05 09:00,測試大會4,121.5549091,25.032961899999997
